{
  "_fv": 28,
  "_type": "tool",
  "definition": {
    "renderType": 0,
    "texture": "obsidian_pickaxe",
    "customModelName": "Normal",
    "name": "Walmart Obsidian Paxel",
    "specialInfo": [],
    "creativeTab": {
      "value": "CUSTOM:IFGTools"
    },
    "toolType": "MultiTool",
    "harvestLevel": 69420,
    "efficiency": 9102.0,
    "attackSpeed": 0.5,
    "enchantability": 80,
    "damageVsEntity": 125.0,
    "usageCount": 25000,
    "blocksAffected": [],
    "hasGlow": true,
    "repairItems": [],
    "immuneToFire": true,
    "stayInGridWhenCrafting": false,
    "damageOnCrafting": false,
    "onRightClickedOnBlock": {
      "name": "Summonnut"
    }
  }
}