{
  "_fv": 28,
  "_type": "gui",
  "definition": {
    "type": 0,
    "width": 176,
    "height": 166,
    "inventoryOffsetX": 0,
    "inventoryOffsetY": 0,
    "renderBgLayer": true,
    "doesPauseGame": false,
    "components": [
      {
        "type": "label",
        "data": {
          "text": "Select Your Beans!",
          "color": {
            "value": -12829636,
            "falpha": 0.0
          },
          "name": "Select Your Beans!",
          "x": 132,
          "y": 44
        }
      },
      {
        "type": "button",
        "data": {
          "text": "God Beans",
          "onClick": {
            "name": "VODK"
          },
          "width": 72,
          "height": 20,
          "name": "God Beans",
          "x": 132,
          "y": 170
        }
      },
      {
        "type": "button",
        "data": {
          "text": "Void Igniter",
          "onClick": {
            "name": "Hell"
          },
          "width": 87,
          "height": 20,
          "name": "Void Igniter",
          "x": 132,
          "y": 143
        }
      }
    ],
    "gridSettings": {
      "sx": 18,
      "sy": 18,
      "ox": 11,
      "oy": 15,
      "snapOnGrid": true
    }
  }
}