{
  "_fv": 28,
  "_type": "item",
  "definition": {
    "renderType": 0,
    "texture": "foo",
    "customModelName": "Normal",
    "name": "borgir",
    "rarity": "RARE",
    "creativeTab": {
      "value": "CUSTOM:Foods"
    },
    "stackSize": 64,
    "enchantability": 0,
    "useDuration": 32,
    "toolType": 0.0,
    "damageCount": 0,
    "recipeRemainder": {
      "value": ""
    },
    "destroyAnyBlock": false,
    "immuneToFire": false,
    "stayInGridWhenCrafting": false,
    "damageOnCrafting": false,
    "enableMeleeDamage": false,
    "damageVsEntity": 0.0,
    "specialInfo": [],
    "hasGlow": false,
    "guiBoundTo": "<NONE>",
    "inventorySize": 9,
    "inventoryStackSize": 64,
    "hasDispenseBehavior": false,
    "isFood": true,
    "nutritionalValue": 10,
    "saturation": 13.0,
    "eatResultItem": {
      "value": "Items.BREAD"
    },
    "isMeat": true,
    "isAlwaysEdible": true,
    "animation": "eat"
  }
}