{
  "_fv": 28,
  "_type": "item",
  "definition": {
    "renderType": 0,
    "texture": "kisspng-heinz-baked-beans-h-j-heinz-company-tin-can-5b166e0faefa23.8385446115281966237167",
    "customModelName": "Normal",
    "name": "Enchanted Beans",
    "rarity": "EPIC",
    "creativeTab": {
      "value": "CUSTOM:Foods"
    },
    "stackSize": 1,
    "enchantability": 0,
    "useDuration": 32,
    "toolType": 0.0,
    "damageCount": 0,
    "recipeRemainder": {
      "value": ""
    },
    "destroyAnyBlock": false,
    "immuneToFire": false,
    "stayInGridWhenCrafting": false,
    "damageOnCrafting": false,
    "enableMeleeDamage": false,
    "damageVsEntity": 0.0,
    "specialInfo": [],
    "hasGlow": true,
    "guiBoundTo": "<NONE>",
    "inventorySize": 9,
    "inventoryStackSize": 64,
    "onFinishUsingItem": {
      "name": "BeansAKAGapple"
    },
    "hasDispenseBehavior": false,
    "isFood": true,
    "nutritionalValue": 69,
    "saturation": 69.0,
    "eatResultItem": {
      "value": "Blocks.NETHERITE_BLOCK"
    },
    "isMeat": false,
    "isAlwaysEdible": true,
    "animation": "eat"
  }
}