{
  "_fv": 28,
  "_type": "gui",
  "definition": {
    "type": 0,
    "width": 200,
    "height": 166,
    "inventoryOffsetX": 0,
    "inventoryOffsetY": 0,
    "renderBgLayer": true,
    "doesPauseGame": false,
    "components": [
      {
        "type": "label",
        "data": {
          "text": "Creative menu",
          "color": {
            "value": -12829636,
            "falpha": 0.0
          },
          "name": "Creative menu",
          "x": 132,
          "y": 44
        }
      },
      {
        "type": "button",
        "data": {
          "text": "Iron Giver",
          "onClick": {
            "name": "Irongen"
          },
          "width": 77,
          "height": 20,
          "name": "Iron Giver",
          "x": 227,
          "y": 107
        }
      },
      {
        "type": "button",
        "data": {
          "text": "Diamond Giver",
          "onClick": {
            "name": "Diamondshop"
          },
          "width": 93,
          "height": 20,
          "name": "Diamond Giver",
          "x": 216,
          "y": 161
        }
      },
      {
        "type": "button",
        "data": {
          "text": "Gold Giver",
          "onClick": {
            "name": "Goldgen"
          },
          "width": 77,
          "height": 20,
          "name": "Gold Giver",
          "x": 227,
          "y": 134
        }
      },
      {
        "type": "button",
        "data": {
          "text": "Fly",
          "onClick": {
            "name": "Fly"
          },
          "width": 40,
          "height": 20,
          "name": "Fly",
          "x": 122,
          "y": 161
        }
      }
    ],
    "gridSettings": {
      "sx": 21,
      "sy": 18,
      "ox": 11,
      "oy": 15,
      "snapOnGrid": true
    }
  }
}