{
  "_fv": 28,
  "_type": "rangeditem",
  "definition": {
    "renderType": 0,
    "texture": "pngfind.com-mini-gun-png-5323867",
    "customModelName": "Normal",
    "name": "holy crap this is a real minigun",
    "specialInfo": [
      "real"
    ],
    "creativeTab": {
      "value": "CUSTOM:Weapons"
    },
    "stackSize": 1,
    "ammoItem": {
      "value": ""
    },
    "shootConstantly": true,
    "usageCount": 100,
    "actionSound": {
      "value": "entity.arrow.shoot"
    },
    "hasGlow": false,
    "animation": "bow",
    "enableMeleeDamage": false,
    "damageVsEntity": 0.0,
    "bulletPower": 69.0,
    "bulletDamage": 500.0,
    "bulletKnockback": 5,
    "bulletParticles": false,
    "bulletIgnitesFire": false,
    "bulletItemTexture": {
      "value": "Items.GOLD_NUGGET"
    },
    "bulletModel": "Default",
    "customBulletModelTexture": ""
  }
}