{
  "_fv": 28,
  "_type": "dimension",
  "definition": {
    "biomesInDimension": [
      {
        "value": "CUSTOM:MissingChunk"
      }
    ],
    "worldGenType": "Normal world gen",
    "mainFillerBlock": {
      "value": "Blocks.AIR"
    },
    "fluidBlock": {
      "value": "Blocks.AIR"
    },
    "canRespawnHere": false,
    "hasFog": false,
    "isDark": false,
    "doesWaterVaporize": false,
    "sleepResult": "ALLOW",
    "hasSkyLight": false,
    "imitateOverworldBehaviour": false,
    "portalFrame": {
      "value": "Blocks.DIRT#0"
    },
    "portalParticles": {
      "value": "EXPLOSION_NORMAL"
    },
    "portalLuminance": 0,
    "portalSound": {
      "value": "record.stal"
    },
    "igniterName": "Powered Beans(Igniter)",
    "igniterTab": {
      "value": "CUSTOM:Items"
    },
    "texture": "kisspng-heinz-baked-beans-h-j-heinz-company-tin-can-5b166e0faefa23.8385446115281966237167",
    "portalTexture": "nutestill",
    "enablePortal": true
  }
}