{
  "_fv": 28,
  "_type": "rangeditem",
  "definition": {
    "renderType": 0,
    "texture": "notagun",
    "customModelName": "Normal",
    "name": "Rocket launcher",
    "specialInfo": [],
    "creativeTab": {
      "value": "CUSTOM:Weapons"
    },
    "stackSize": 1,
    "ammoItem": {
      "value": ""
    },
    "shootConstantly": false,
    "usageCount": 100,
    "actionSound": {
      "value": "entity.arrow.shoot"
    },
    "hasGlow": false,
    "animation": "bow",
    "enableMeleeDamage": false,
    "damageVsEntity": 0.0,
    "bulletPower": 100.0,
    "bulletDamage": 69.0,
    "bulletKnockback": 5,
    "bulletParticles": true,
    "bulletIgnitesFire": true,
    "bulletItemTexture": {
      "value": "Blocks.TNT"
    },
    "bulletModel": "Default",
    "customBulletModelTexture": "",
    "onBulletHitsBlock": {
      "name": "Nuke"
    },
    "onBulletHitsPlayer": {
      "name": "Nuke"
    },
    "onBulletHitsEntity": {
      "name": "Nuke"
    },
    "onBulletFlyingTick": {
      "name": "Nuke"
    }
  }
}