{
  "_fv": 28,
  "_type": "recipe",
  "definition": {
    "recipeType": "Crafting",
    "xpReward": 0.0,
    "cookingTime": 200,
    "recipeRetstackSize": 1,
    "group": "",
    "recipeShapeless": false,
    "recipeSlots": [
      {
        "value": ""
      },
      {
        "value": "Blocks.GLOW_LICHEN"
      },
      {
        "value": ""
      },
      {
        "value": "Items.GLOWSTONE_DUST"
      },
      {
        "value": "Blocks.GLOWSTONE"
      },
      {
        "value": "Items.GLOWSTONE_DUST"
      },
      {
        "value": ""
      },
      {
        "value": ""
      },
      {
        "value": ""
      }
    ],
    "recipeReturnStack": {
      "value": "CUSTOM:SUN"
    },
    "name": "suncraft",
    "namespace": "mod"
  }
}