{
  "_fv": 28,
  "_type": "tool",
  "definition": {
    "renderType": 0,
    "texture": "obsidian_pickaxe",
    "customModelName": "Normal",
    "name": "Walmart Obsidian Pickaxe",
    "specialInfo": [],
    "creativeTab": {
      "value": "CUSTOM:IFGTools"
    },
    "toolType": "Pickaxe",
    "harvestLevel": 50,
    "efficiency": 25.0,
    "attackSpeed": 0.5,
    "enchantability": 21,
    "damageVsEntity": 71.0,
    "usageCount": 25000,
    "blocksAffected": [],
    "hasGlow": false,
    "repairItems": [
      {
        "value": "Blocks.OBSIDIAN"
      }
    ],
    "immuneToFire": true,
    "stayInGridWhenCrafting": false,
    "damageOnCrafting": false,
    "onRightClickedInAir": {
      "name": "Summonnut"
    }
  }
}