{
  "_fv": 28,
  "_type": "overlay",
  "definition": {
    "priority": "NORMAL",
    "components": [
      {
        "type": "label",
        "data": {
          "text": "liek and subscrib",
          "color": {
            "value": -12829636,
            "falpha": 0.0
          },
          "name": "liek and subscrib",
          "x": 16,
          "y": 219
        }
      }
    ],
    "baseTexture": "",
    "overlayTarget": "Ingame",
    "gridSettings": {
      "sx": 18,
      "sy": 18,
      "ox": 11,
      "oy": 15,
      "snapOnGrid": false
    }
  }
}