{
  "unfunny": {
    "category": "neutral",
    "subtitle": "subtitles.unfunny",
    "sounds": [
      {
        "name": "i_forge_gorege:y2mateis-reading-my-awful-hate-comments-eyr5jz5sqd8-160k-164784320_icyb6fpu",
        "stream": false
      }
    ]
  },
  "smartrace": {
    "category": "neutral",
    "subtitle": "subtitles.smartrace",
    "sounds": [
      {
        "name": "i_forge_gorege:y2mate.is-smart-race-hzo3xw91ehw-160k-1647150811853",
        "stream": false
      }
    ]
  },
  "burenyuu": {
    "category": "neutral",
    "subtitle": "subtitles.burenyuu",
    "sounds": [
      {
        "name": "i_forge_gorege:burenyuu",
        "stream": false
      }
    ]
  }
}